{"target_col": "target_pm25", "feature_cols": ["hour_sin", "hour_cos", "day_sin", "day_cos", "pm25_lag_1", "pm25_lag_2", "pm25_lag_4", "pm25_lag_12", "pm25_lag_24", "pm25_roll_4", "pm25_roll_12", "pm25_roll_24"], "means": {"hour_sin": 0.02063019126833153, "hour_cos": 0.020648646969094027, "day_sin": -0.012031006993817194, "day_cos": -0.001596521786722431, "pm25_lag_1": 39.92819256798428, "pm25_lag_2": 39.831219997194644, "pm25_lag_4": 39.89903370433978, "pm25_lag_12": 39.85160005646574, "pm25_lag_24": 40.10364361810853, "pm25_roll_4": 39.76365060055565, "pm25_roll_12": 39.45278178528998, "pm25_roll_24": 39.37710617163399}, "stds": {"hour_sin": 0.707955127177649, "hour_cos": 0.705659787530305, "day_sin": 0.7037569144652177, "day_cos": 0.7103429357294595, "pm25_lag_1": 31.63943681692753, "pm25_lag_2": 31.379351207770817, "pm25_lag_4": 31.489305601896497, "pm25_lag_12": 31.534741459319, "pm25_lag_24": 32.27123873803615, "pm25_roll_4": 30.36739907746658, "pm25_roll_12": 28.661291443717126, "pm25_roll_24": 27.844972474504974}}