{"target_col": "target_pm25", "feature_cols": ["hour_sin", "hour_cos", "day_sin", "day_cos", "pm25_lag_1", "pm25_lag_4", "pm25_lag_24", "pm25_lag_48", "pm25_roll_4", "pm25_roll_12", "pm25_roll_24"], "means": {"hour_sin": 0.021663762166867207, "hour_cos": 0.010242858523076624, "day_sin": -0.013763041536475075, "day_cos": 0.0010401140378932193, "pm25_lag_1": 39.58650559161713, "pm25_lag_4": 39.4509355406951, "pm25_lag_24": 39.62163118120308, "pm25_lag_48": 40.224117647058826, "pm25_roll_4": 39.32408211778554, "pm25_roll_12": 39.06347199024251, "pm25_roll_24": 39.04206761187077}, "stds": {"hour_sin": 0.7088316407059027, "hour_cos": 0.7049763856461696, "day_sin": 0.7031882280773226, "day_cos": 0.7108755515783806, "pm25_lag_1": 32.60168808298232, "pm25_lag_4": 30.900697439331836, "pm25_lag_24": 31.14830513600704, "pm25_lag_48": 34.978301993701514, "pm25_roll_4": 29.806680941277442, "pm25_roll_12": 28.147569314596716, "pm25_roll_24": 27.282542562843062}}